{
  "name": "Hunting_Grounds",
  "version": "0.1.0",
  "title": "Hunting Grounds",
  "author": "Raught19",
  "contact": "raught@ogremail.com",
  "homepage": "",
  "dependencies": ["base >= 0.12.17", "VanillaEx >= 0.0.8", "Natural_Evolution_Enemies >= 5.3.0", "? Natural_Evolution_Buildings >= 5.3.0", "? Natural_Evolution_Expansion >= 5.3.0", "? Swarm >= 1.0.2", "? bobenemies >= 0.12.7"],
  "description": "A collection of specialized weapons and ammo, personal tweaks, and the means to survive an ever evolving foe."
}